{"config": {"model_config": {"input_size": 6, "hidden_size": 64, "num_layers": 2, "use_attn": true, "dropout": 0.1}, "tra_config": {"num_states": 1, "hidden_size": 32, "tau": 1.0, "src_info": "LR_TPE"}, "lr": 0.0001, "n_epochs": 500, "early_stop": 20, "smooth_steps": 5, "max_steps_per_epoch": 100, "lamb": 2.0, "rho": 0.99, "seed": 10000, "logdir": "./results_single/checkpoint/single3060_csi100_60_6_0.0001_256_0_1_1_LSTM_True_0"}, "best_eval_metric": -0.0809049234322371, "metric": {"MSE": 0.15754549519167116, "MAE": 0.3189852808918133, "IC": 0.053897754001511214, "ICIR": 0.31298537807397236}}