{"config": {"model_config": {"input_size": 6, "hidden_size": 64, "num_layers": 2, "use_attn": true, "dropout": 0.1}, "tra_config": {"num_states": 1, "hidden_size": 32, "tau": 1.0, "src_info": "LR_TPE"}, "lr": 0.001, "n_epochs": 500, "early_stop": 20, "smooth_steps": 5, "max_steps_per_epoch": 100, "lamb": 2.0, "rho": 0.99, "seed": 10000, "logdir": "./results_single/checkpoint/single120_csi100_60_6_0.001_256_0_10_1_LSTM_True_0"}, "best_eval_metric": -0.07366133851843844, "metric": {"MSE": 0.15768368457067117, "MAE": 0.3167722146393615, "IC": 0.053070658592504955, "ICIR": 0.3168245872626697}}