{"config": {"model_config": {"input_size": 6, "hidden_size": 64, "num_layers": 2, "use_attn": true, "dropout": 0.1}, "tra_config": {"num_states": 1, "hidden_size": 32, "tau": 1.0, "src_info": "LR_TPE"}, "lr": 0.001, "n_epochs": 500, "early_stop": 20, "smooth_steps": 5, "max_steps_per_epoch": 100, "lamb": 2.0, "rho": 0.99, "seed": 10000, "logdir": "./results_single/checkpoint/single120_csi100_60_6_0.001_256_0_10_1_LSTM_True_6"}, "best_eval_metric": -0.07485712101487944, "metric": {"MSE": 0.15776550884702698, "MAE": 0.3163867639494994, "IC": 0.052580392067357366, "ICIR": 0.3132434373003744}}