{"config": {"model_config": {"input_size": 6, "hidden_size": 64, "num_layers": 2, "use_attn": true, "dropout": 0.1}, "tra_config": {"num_states": 1, "hidden_size": 32, "tau": 1.0, "src_info": "LR_TPE"}, "lr": 0.001, "n_epochs": 500, "early_stop": 20, "smooth_steps": 5, "max_steps_per_epoch": 100, "lamb": 2.0, "rho": 0.99, "seed": 10000, "logdir": "./results_single/checkpoint/single4060_csi100_60_6_0.001_256_0_1_1_LSTM_True_0"}, "best_eval_metric": -0.07485209482256702, "metric": {"MSE": 0.15733916262029807, "MAE": 0.3165577655000253, "IC": 0.05513602887699594, "ICIR": 0.33017422889556314}}