,model,repeat,ic,icir,ric,ricir,p_5,p_10,p_30,p_50,r_5,r_10,r_30,r_50
0,single120,0,0.057091866048912615,0.33642091275044866,0.05313187042479157,0.31702539164105925,0.5394009216589861,0.538594470046083,0.5273809523809524,0.5202534562211982,0.0554009823347586,0.11058446791982254,0.32461801989178074,0.5336724855711559
