{"config": {"model_config": {"input_size": 6, "hidden_size": 64, "num_layers": 2, "use_attn": true, "dropout": 0.1}, "tra_config": {"num_states": 1, "hidden_size": 32, "tau": 1.0, "src_info": "LR_TPE"}, "lr": 0.001, "n_epochs": 500, "early_stop": 20, "smooth_steps": 5, "max_steps_per_epoch": 100, "lamb": 2.0, "rho": 0.99, "seed": 10000, "logdir": "./results_single/checkpoint/single120_csi100_60_6_0.001_256_0_10_1_LSTM_True_4"}, "best_eval_metric": -0.0756569045792861, "metric": {"MSE": 0.15803126737619874, "MAE": 0.3168658147456595, "IC": 0.05098431805215604, "ICIR": 0.3034590320280657}}