{"config": {"model_config": {"input_size": 6, "hidden_size": 64, "num_layers": 2, "use_attn": true, "dropout": 0.1}, "tra_config": {"num_states": 3, "hidden_size": 32, "tau": 1.0, "src_info": "LR_TPE"}, "lr": 0.0001, "n_epochs": 500, "early_stop": 20, "smooth_steps": 5, "max_steps_per_epoch": 100, "lamb": 2.0, "rho": 0.99, "seed": 10000, "logdir": "./results_single/checkpoint/single120_csi500_60_6_0.0001_256_0_1_3_LSTM_True_0"}, "best_eval_metric": -0.11218466133145832, "metric": {"MSE": 0.15587678543178, "MAE": 0.3145820529332687, "IC": 0.06408064226123204, "ICIR": 0.6538062605076301}}